environment,arm,env_step,median_return
cartpole_swingup,vanilla,0,0.0
cartpole_swingup,vanilla,307969,318.95
cartpole_swingup,vanilla,615939,561.3
cartpole_swingup,vanilla,923909,483.89
cartpole_swingup,vanilla,1231879,450.39
cartpole_swingup,vanilla,1539849,679.84
cartpole_swingup,vanilla,1847819,683.66
cartpole_swingup,vanilla,2155789,442.35
cartpole_swingup,vanilla,2463759,506.9
cartpole_swingup,vanilla,2771729,689.02
cartpole_swingup,ewc,0,0.0
cartpole_swingup,ewc,307969,318.95
cartpole_swingup,ewc,615939,561.3
cartpole_swingup,ewc,923909,449.72
cartpole_swingup,ewc,1231879,448.91
cartpole_swingup,ewc,1539849,698.73
cartpole_swingup,ewc,1847819,723.82
cartpole_swingup,ewc,2155789,513.35
cartpole_swingup,ewc,2463759,525.59
cartpole_swingup,ewc,2771729,700.9
cartpole_swingup,pt,0,0.0
cartpole_swingup,pt,307969,293.22
cartpole_swingup,pt,615939,607.08
cartpole_swingup,pt,923909,467.68
cartpole_swingup,pt,1231879,497.1
cartpole_swingup,pt,1539849,744.67
cartpole_swingup,pt,1847819,771.52
cartpole_swingup,pt,2155789,487.87
cartpole_swingup,pt,2463759,492.18
cartpole_swingup,pt,2771729,745.11
reacher_easy,vanilla,0,0.0
reacher_easy,vanilla,307969,517.35
reacher_easy,vanilla,615939,636.53
reacher_easy,vanilla,923909,625.3
reacher_easy,vanilla,1231879,665.73
reacher_easy,vanilla,1539849,500.57
reacher_easy,vanilla,1847819,503.81
reacher_easy,vanilla,2155789,653.65
reacher_easy,vanilla,2463759,646.43
reacher_easy,vanilla,2771729,504.22
reacher_easy,ewc,0,0.0
reacher_easy,ewc,307969,517.35
reacher_easy,ewc,615939,636.53
reacher_easy,ewc,923909,636.5
reacher_easy,ewc,1231879,639.27
reacher_easy,ewc,1539849,451.39
reacher_easy,ewc,1847819,479.25
reacher_easy,ewc,2155789,655.11
reacher_easy,ewc,2463759,669.57
reacher_easy,ewc,2771729,518.19
reacher_easy,pt,0,0.0
reacher_easy,pt,307969,509.19
reacher_easy,pt,615939,621.36
reacher_easy,pt,923909,581.14
reacher_easy,pt,1231879,576.39
reacher_easy,pt,1539849,321.48
reacher_easy,pt,1847819,395.62
reacher_easy,pt,2155789,606.75
reacher_easy,pt,2463759,547.85
reacher_easy,pt,2771729,381.52
ball_in_cup_catch,vanilla,0,0.0
ball_in_cup_catch,vanilla,307969,626.37
ball_in_cup_catch,vanilla,615939,799.25
ball_in_cup_catch,vanilla,923909,842.16
ball_in_cup_catch,vanilla,1231879,868.97
ball_in_cup_catch,vanilla,1539849,836.08
ball_in_cup_catch,vanilla,1847819,844.39
ball_in_cup_catch,vanilla,2155789,856.47
ball_in_cup_catch,vanilla,2463759,874.55
ball_in_cup_catch,vanilla,2771729,852.92
ball_in_cup_catch,ewc,0,0.0
ball_in_cup_catch,ewc,307969,626.37
ball_in_cup_catch,ewc,615939,799.25
ball_in_cup_catch,ewc,923909,824.12
ball_in_cup_catch,ewc,1231879,864.17
ball_in_cup_catch,ewc,1539849,824.58
ball_in_cup_catch,ewc,1847819,842.3
ball_in_cup_catch,ewc,2155789,862.11
ball_in_cup_catch,ewc,2463759,865.32
ball_in_cup_catch,ewc,2771729,854.48
ball_in_cup_catch,pt,0,0.0
ball_in_cup_catch,pt,307969,492.46
ball_in_cup_catch,pt,615939,702.69
ball_in_cup_catch,pt,923909,807.74
ball_in_cup_catch,pt,1231879,842.25
ball_in_cup_catch,pt,1539849,781.24
ball_in_cup_catch,pt,1847819,810.07
ball_in_cup_catch,pt,2155789,849.37
ball_in_cup_catch,pt,2463759,867.7
ball_in_cup_catch,pt,2771729,858.28
walker_stand,vanilla,0,0.0
walker_stand,vanilla,307969,283.26
walker_stand,vanilla,615939,417.93
walker_stand,vanilla,923909,474.43
walker_stand,vanilla,1231879,495.02
walker_stand,vanilla,1539849,296.81
walker_stand,vanilla,1847819,320.59
walker_stand,vanilla,2155789,314.91
walker_stand,vanilla,2463759,299.32
walker_stand,vanilla,2771729,268.55
walker_stand,ewc,0,0.0
walker_stand,ewc,307969,283.26
walker_stand,ewc,615939,417.93
walker_stand,ewc,923909,473.75
walker_stand,ewc,1231879,495.03
walker_stand,ewc,1539849,280.03
walker_stand,ewc,1847819,295.6
walker_stand,ewc,2155789,381.53
walker_stand,ewc,2463759,426.58
walker_stand,ewc,2771729,277.15
walker_stand,pt,0,0.0
walker_stand,pt,307969,230.48
walker_stand,pt,615939,299.25
walker_stand,pt,923909,402.81
walker_stand,pt,1231879,476.32
walker_stand,pt,1539849,421.86
walker_stand,pt,1847819,549.36
walker_stand,pt,2155789,562.33
walker_stand,pt,2463759,612.25
walker_stand,pt,2771729,491.93
walker_walk,vanilla,0,0.0
walker_walk,vanilla,307969,234.78
walker_walk,vanilla,615939,360.8
walker_walk,vanilla,923909,329.28
walker_walk,vanilla,1231879,354.51
walker_walk,vanilla,1539849,271.19
walker_walk,vanilla,1847819,306.92
walker_walk,vanilla,2155789,264.28
walker_walk,vanilla,2463759,285.9
walker_walk,vanilla,2771729,231.13
walker_walk,ewc,0,0.0
walker_walk,ewc,307969,234.78
walker_walk,ewc,615939,360.8
walker_walk,ewc,923909,332.65
walker_walk,ewc,1231879,368.31
walker_walk,ewc,1539849,232.56
walker_walk,ewc,1847819,227.92
walker_walk,ewc,2155789,294.3
walker_walk,ewc,2463759,308.23
walker_walk,ewc,2771729,214.56
walker_walk,pt,0,0.0
walker_walk,pt,307969,156.71
walker_walk,pt,615939,246.81
walker_walk,pt,923909,260.85
walker_walk,pt,1231879,320.93
walker_walk,pt,1539849,179.89
walker_walk,pt,1847819,215.24
walker_walk,pt,2155789,298.65
walker_walk,pt,2463759,342.12
walker_walk,pt,2771729,213.72
cheetah_run,vanilla,0,0.0
cheetah_run,vanilla,307969,219.52
cheetah_run,vanilla,615939,370.11
cheetah_run,vanilla,923909,374.15
cheetah_run,vanilla,1231879,401.58
cheetah_run,vanilla,1539849,322.51
cheetah_run,vanilla,1847819,341.38
cheetah_run,vanilla,2155789,345.4
cheetah_run,vanilla,2463759,352.64
cheetah_run,vanilla,2771729,257.57
cheetah_run,ewc,0,0.0
cheetah_run,ewc,307969,219.52
cheetah_run,ewc,615939,370.11
cheetah_run,ewc,923909,376.97
cheetah_run,ewc,1231879,389.01
cheetah_run,ewc,1539849,289.95
cheetah_run,ewc,1847819,325.58
cheetah_run,ewc,2155789,363.37
cheetah_run,ewc,2463759,374.2
cheetah_run,ewc,2771729,295.98
cheetah_run,pt,0,0.0
cheetah_run,pt,307969,212.89
cheetah_run,pt,615939,323.38
cheetah_run,pt,923909,346.18
cheetah_run,pt,1231879,392.07
cheetah_run,pt,1539849,288.63
cheetah_run,pt,1847819,312.8
cheetah_run,pt,2155789,391.03
cheetah_run,pt,2463759,407.59
cheetah_run,pt,2771729,317.71
